片名,类型,地区,票房,票价,排期
赤壁(上),战争,中国/中国香港,27490,33,"[['2008-07-10', 0, 0], ['2008-07-13', 8698, 4], ['2008-07-20', 8668, 11], ['2008-07-27', 4867, 18], ['2008-08-03', 2815, 25], ['2008-08-10', 1452, 32], ['2008-08-17', 609, 39], ['2008-08-24', 239, 46], ['2008-08-31', 107, 53], ['2008-09-07', 12, 60], ['2008-09-14', 8, 67], ['2008-09-21', 5, 74], ['2008-09-28', 3, 81], ['2008-10-05', 1, 88]]"
画皮,爱情,中国,20453,30,"[['2008-09-26', 0, 0], ['2008-09-21', 11, -4], ['2008-09-28', 3768, 3], ['2008-10-05', 9814, 10], ['2008-10-12', 3502, 17], ['2008-10-19', 1754, 24], ['2008-10-26', 870, 31], ['2008-11-02', 505, 38], ['2008-11-09', 136, 45], ['2008-11-16', 59, 52], ['2008-11-23', 18, 59], ['2008-11-30', 4, 66], ['2008-12-07', 1, 73], ['2008-12-14', 1, 80], ['2008-12-21', 0, 87]]"
非诚勿扰,爱情,中国/中国香港,32541,34,"[['2008-12-18', 0, 0], ['2008-12-21', 5477, 1], ['2008-12-28', 9041, 8], ['2008-01-04', 7383, 15], ['2009-01-11', 1948, 22], ['2009-01-18', 1237, 29], ['2009-01-25', 487, 36], ['2009-02-01', 275, 43], ['2009-02-08', 78, 50], ['2009-02-15', 28, 57]]"
功夫熊猫,动画,美国,18450,27,"[['2008-06-20', 0, 0], ['2008-06-22', 551, 2], ['2008-06-29', 904, 9], ['2008-07-06', 510, 16], ['2008-07-13', 226, 23], ['2008-07-20', 187, 30], ['2008-07-27', 111, 37], ['2008-08-03', 64, 44], ['2008-08-10', 38, 51]]"
功夫之王,动作,美国,14560,32,"[['2008-04-24', 0, 0], ['2008-04-27', 5790, 4], ['2008-05-04', 5710, 11], ['2008-05-11', 1853, 18], ['2008-05-18', 697, 25], ['2008-05-25', 259, 32], ['2008-06-01', 152, 39], ['2008-06-08', 40, 46], ['2008-06-15', 14, 53], ['2008-06-22', 9, 60], ['2008-06-29', 7, 67], ['2008-07-06', 6, 74], ['2008-07-13', 2, 81], ['2008-07-20', 1, 88]]"
007：大破量子危机,动作,美国,12046,31,"[['2008-11-05', 0, 0], ['2008-11-09', 5398, 5], ['2008-11-16', 4057, 12], ['2008-11-23', 1631, 19], ['2008-11-30', 737, 26], ['2008-12-07', 169, 33], ['2008-12-14', 35, 40], ['2008-12-21', 8, 47], ['2008-12-28', 3, 54], ['2008-01-04', 4, 61]]"
木乃伊3：龙帝之墓,惊悚,美国,11637,31,"[['2008-09-02', 0, 0], ['2008-09-07', 875, 5], ['2008-09-14', 481, 12], ['2008-09-21', 248, 19], ['2008-09-28', 106, 26], ['2008-10-05', 35, 33], ['2008-10-12', 9, 40]]"
梅兰芳,剧情,中国/中国香港,9739,33,"[['2008-12-04', 0, 0], ['2008-12-07', 3363, 4], ['2008-12-14', 3987, 11], ['2008-12-21', 1511, 18], ['2008-12-28', 630, 25], ['2008-01-04', 511, 32], ['2009-01-11', 106, 39], ['2009-01-18', 54, 46], ['2009-01-25', 28, 53], ['2009-02-01', 10, 60]]"
大灌篮,爱情,中国/中国香港/中国台湾,9578,29,"[['2008-02-08', 0, 0], ['2008-01-27', 5, -10], ['2008-02-03', 16, -3], ['2008-02-10', 3210, 4], ['2008-02-17', 4312, 11], ['2008-02-24', 1220, 18], ['2008-03-02', 525, 25], ['2008-03-09', 177, 32], ['2008-03-16', 68, 39], ['2008-03-23', 10, 46], ['2008-03-30', 5, 53], ['2008-04-06', 2, 60], ['2008-04-13', 1, 67], ['2008-05-04', 0, 88]]"
全民超人汉考克,动作,美国,9227,28,"[['2008-07-02', 0, 0], ['2008-07-06', 3457, 5], ['2008-07-13', 2130, 12], ['2008-07-20', 1093, 19], ['2008-07-27', 958, 26], ['2008-08-03', 790, 33], ['2008-08-10', 476, 40], ['2008-08-17', 197, 47], ['2008-08-24', 73, 54], ['2008-08-31', 36, 61], ['2008-09-07', 4, 68], ['2008-09-14', 3, 75], ['2008-09-21', 2, 82]]"
钢铁侠,动作,美国,7712,30,"[['2008-04-30', 0, 0], ['2008-05-04', 2537, 5], ['2008-05-11', 2205, 12], ['2008-05-18', 1223, 19], ['2008-05-25', 611, 26], ['2008-06-01', 636, 33], ['2008-06-08', 271, 40], ['2008-06-15', 130, 47], ['2008-06-22', 45, 54], ['2008-06-29', 16, 61], ['2008-07-06', 5, 68], ['2008-07-13', 2, 75], ['2008-07-20', 3, 82]]"
通缉令,动作,美国,7600,29,"[['2008-10-09', 0, 0], ['2008-10-12', 336, 3], ['2008-10-19', 307, 10], ['2008-10-26', 203, 17], ['2008-11-02', 148, 24], ['2008-11-09', 30, 31], ['2008-11-16', 31, 38]]"
国家宝藏：夺宝秘笈,惊悚,美国,7300,31,"[['2008-03-17', 0, 0], ['2008-03-23', 481, 6], ['2008-03-30', 249, 13], ['2007-04-06', 152, 20], ['2008-04-13', 66, 27], ['2008-01-20', 47, 34]]"
史前一万年,科幻,美国,7220,29,"[['2008-03-21', 0, 0], ['2008-03-23', 2264, 2], ['2008-03-30', 2481, 9], ['2008-04-06', 1258, 16], ['2008-04-13', 505, 23], ['2008-04-20', 328, 30], ['2008-04-27', 91, 37], ['2008-05-04', 28, 44], ['2008-05-11', 10, 51], ['2008-05-18', 5, 58], ['2008-05-25', 1, 65]]"
集结号,战争,中国/中国香港,21214,30,"[['2007-12-20', 0, 0], ['2007-12-23', 6500, 4], ['2007-12-30', 7000, 11], ['2007-01-06', 3241, 19], ['2008-01-13', 1803, 26], ['2008-01-20', 1129, 33], ['2008-01-27', 841, 40], ['2008-02-03', 329, 47], ['2008-02-10', 143, 54], ['2008-02-17', 88, 61], ['2008-02-24', 34, 68], ['2008-03-02', 43, 75], ['2008-03-09', 44, 82], ['2008-03-16', 19, 89]]"
纳尼亚传奇2：凯斯宾王子,奇幻,美国,6631,29,"[['2008-06-06', 0, 0], ['2008-06-08', 2072, 3], ['2008-06-15', 2501, 10], ['2008-06-22', 1160, 17], ['2008-06-29', 589, 24], ['2008-07-06', 196, 31], ['2008-07-13', 57, 38], ['2008-07-20', 16, 45], ['2008-07-27', 10, 52], ['2008-08-03', 10, 59], ['2008-08-10', 6, 66], ['2008-08-17', 4, 73], ['2008-08-31', 0, 87]]"
叶问,动作,中国/中国香港,8487,30,"[['2008-12-12', 0, 0], ['2008-12-14', 1313, -1], ['2008-12-21', 2363, 6], ['2008-12-28', 2042, 13], ['2008-01-04', 1917, 20], ['2009-01-11', 401, 27], ['2009-01-18', 193, 34], ['2009-01-25', 62, 41], ['2009-02-01', 34, 48], ['2009-02-08', 10, 55]]"
尼斯湖怪·深水传说,惊悚,美国,6280,27,"[['2008-02-17', 0, 0], ['2008-02-18', 79, 1], ['2008-02-24', 356, 7], ['2008-03-02', 215, 14], ['2008-03-09', 125, 21], ['2008-03-16', 90, 28], ['2008-03-23', 16, 35], ['2008-03-30', 9, 42], ['2008-04-06', 2, 49]]"
地心历险记,科幻,美国,6025,48,"[['2008-09-28', 0, 0], ['2008-09-28', 61, 1], ['2008-10-05', 1707, 8], ['2008-10-12', 780, 15], ['2008-10-19', 678, 22], ['2008-10-26', 602, 29], ['2008-11-02', 496, 36], ['2008-11-09', 336, 43], ['2008-11-16', 389, 50], ['2008-11-23', 344, 57], ['2008-11-30', 267, 64], ['2008-12-07', 148, 71], ['2008-12-14', 127, 78], ['2008-12-21', 61, 85]]"
三国之见龙卸甲,战争,中国香港,6015,29,"[['2008-04-03', 0, 0], ['2008-04-06', 2490, 4], ['2008-04-13', 1954, 11], ['2008-04-20', 1108, 18], ['2008-04-27', 333, 25], ['2008-05-04', 66, 32], ['2008-05-11', 26, 39], ['2008-05-18', 10, 46], ['2008-05-25', 4, 53]]"
无敌浩克,科幻,美国,5389,28,"[['2008-08-20', 0, 0], ['2008-08-24', 2100, 5], ['2008-08-31', 2246, 12], ['2008-09-07', 467, 19], ['2008-09-14', 367, 26], ['2008-09-21', 137, 33], ['2008-09-28', 34, 40], ['2008-10-05', 22, 47], ['2008-10-12', 5, 54], ['2008-10-19', 4, 61]]"
十全九美,喜剧,中国,4474,24,"[['2008-08-01', 0, 0], ['2008-08-03', 780, 3], ['2008-08-10', 1556, 10], ['2008-08-17', 926, 17], ['2008-08-24', 559, 24], ['2008-08-31', 387, 31], ['2008-09-07', 86, 38], ['2008-09-14', 84, 45], ['2008-09-21', 48, 52], ['2008-09-28', 18, 59], ['2008-10-05', 8, 66], ['2008-10-12', 3, 73], ['2008-10-19', 3, 80], ['2008-10-26', 2, 87]]"
保持通话,惊悚,中国香港,3905,27,"[['2008-09-27', 0, 0], ['2008-09-28', 253, 2], ['2008-10-05', 1795, 9], ['2008-10-12', 877, 16], ['2008-10-19', 423, 23], ['2008-10-26', 276, 30], ['2008-11-02', 187, 37], ['2008-11-09', 52, 44], ['2008-11-16', 23, 51], ['2008-11-23', 9, 58], ['2008-11-30', 3, 65], ['2008-12-07', 1, 72]]"
江山美人,动作,中国/中国香港,3832,28,"[['2008-03-07', 0, 0], ['2008-03-09', 1672, 3], ['2008-03-16', 1561, 10], ['2008-03-23', 365, 17], ['2008-03-30', 143, 24], ['2008-04-06', 52, 31], ['2008-04-13', 11, 38], ['2008-04-20', 7, 45], ['2008-04-27', 3, 52]]"
2012世界末日,灾难,美国,45795,32,"[['2009-11-13', 0, 0], ['2009-11-15', 6523, 2], ['2009-11-22', 2641, 9], ['2009-11-29', 1765, 16], ['2009-12-06', 677, 23], ['2009-12-13', 435, 30], ['2009-12-20', 215, 37], ['2009-12-27', 99, 44], ['2010-01-03', 67, 51], ['2010-01-10', 34, 58]]"
变形金刚2,科幻,美国,40364,32,"[['2009-06-24', 0, 0], ['2009-06-14', 49, -9], ['2009-06-21', 17, -2], ['2009-06-28', 15227, 5], ['2009-07-05', 13007, 12], ['2009-07-12', 6946, 19], ['2009-07-19', 3008, 26], ['2009-07-26', 1401, 33], ['2009-08-02', 465, 40], ['2009-08-09', 158, 47], ['2009-08-16', 48, 54], ['2009-08-23', 16, 61]]"
建国大业,历史,中国,39288,32,"[['2009-09-16', 0, 0], ['2009-09-20', 11794, 5], ['2009-09-27', 11634, 12], ['2009-10-04', 8379, 19], ['2009-10-11', 4897, 26], ['2009-10-18', 1577, 33], ['2009-10-25', 657, 40], ['2009-11-01', 241, 47], ['2009-11-08', 52, 54], ['2009-11-15', 24, 61], ['2009-11-22', 10, 68]]"
赤壁(下),战争,中国/中国香港,24353,34,"[['2009-01-07', 0, 0], ['2008-01-04', 4, -2], ['2009-01-11', 8761, 5], ['2009-01-18', 7690, 12], ['2009-01-25', 3372, 19], ['2009-02-01', 2512, 26], ['2009-02-08', 1269, 33], ['2009-02-15', 502, 40], ['2009-02-22', 154, 47], ['2009-03-01', 62, 54], ['2009-03-08', 11, 61]]"
三枪拍案惊奇,喜剧,中国,24381,33,"[['2009-12-10', 0, 0], ['2009-12-13', 8870, 4], ['2009-12-20', 7379, 11], ['2009-12-27', 4191, 18], ['2009-01-03', 3450, 25], ['2010-01-10', 327, 32], ['2010-01-17', 133, 39], ['2010-01-24', 19, 46], ['2010-01-31', 6, 53], ['2010-02-07', 1, 60], ['2010-02-14', 2, 67], ['2010-02-21', 3, 74]]"
十月围城,动作,中国/中国香港,28340,34,"[['2009-12-17', 0, 0], ['2009-12-20', 6582, 4], ['2009-12-27', 10594, 11], ['2009-01-03', 8730, 18], ['2010-01-10', 989, 25], ['2010-01-17', 655, 32], ['2010-01-24', 248, 39], ['2010-01-31', 102, 46], ['2010-02-07', 30, 53], ['2010-02-14', 6, 60], ['2010-02-21', 3, 67], ['2010-02-28', 1, 74]]"
风声,剧情,中国,20510,33,"[['2009-09-29', 0, 0], ['2009-09-27', 22, -1], ['2009-10-04', 6098, 6], ['2009-10-11', 6513, 13], ['2009-10-18', 3538, 20], ['2009-10-25', 2090, 27], ['2009-11-01', 1259, 34], ['2009-11-08', 702, 41], ['2009-11-15', 248, 48], ['2009-11-22', 27, 55], ['2009-11-29', 5, 62]]"
南京！南京！,历史,中国,15976,30,"[['2009-04-22', 0, 0], ['2008-02-03', 2, -443], ['2009-01-11', 1, -100], ['2009-04-26', 5115, 5], ['2009-05-03', 5968, 12], ['2009-05-10', 2577, 19], ['2009-05-17', 1195, 26], ['2009-05-24', 630, 33], ['2009-05-31', 252, 40], ['2009-06-07', 96, 47], ['2009-06-14', 36, 54], ['2009-06-21', 23, 61], ['2009-06-28', 26, 68], ['2009-07-05', 23, 75], ['2009-07-12', 4, 82], ['2009-07-19', 1, 89]]"
哈利·波特与混血王子,奇幻,英国/美国,15524,31,"[['2009-07-15', 0, 0], ['2009-07-05', 9, -9], ['2009-07-12', 10, -2], ['2009-07-19', 8221, 5], ['2009-07-26', 4722, 12], ['2009-08-02', 1628, 19], ['2009-08-09', 594, 26], ['2009-08-16', 217, 33], ['2009-08-23', 65, 40], ['2009-08-30', 33, 47], ['2009-09-06', 9, 54]]"
冰川时代3,动画,美国,15049,44,"[['2009-07-08', 0, 0], ['2009-07-12', 3582, 5], ['2009-07-19', 4039, 12], ['2009-07-26', 3214, 19], ['2009-08-02', 2259, 26], ['2009-08-09', 761, 33], ['2009-08-16', 510, 40], ['2009-08-23', 323, 47], ['2009-08-30', 188, 54], ['2009-09-06', 62, 61], ['2009-09-13', 58, 68], ['2009-09-20', 26, 75], ['2009-10-04', 7, 89]]"
特种部队：眼镜蛇的崛起,动作,美国,12692,30,"[['2009-08-07', 0, 0], ['2009-07-19', 0, -18], ['2009-08-09', 2599, 3], ['2009-08-16', 4187, 10], ['2009-08-23', 2362, 17], ['2009-08-30', 1794, 24], ['2009-09-06', 886, 31], ['2009-09-13', 635, 38], ['2009-09-20', 174, 45], ['2009-09-27', 39, 52], ['2009-10-04', 5, 59]]"
博物馆奇妙夜2,喜剧,美国,11310,29,"[['2009-05-26', 0, 0], ['2008-10-12', 0, -225], ['2008-10-19', 1, -218], ['2009-05-31', 5088, 6], ['2009-06-07', 3318, 13], ['2009-06-14', 1325, 20], ['2009-06-21', 1039, 27], ['2009-06-28', 298, 34], ['2009-07-05', 108, 41], ['2009-07-12', 80, 48], ['2009-07-19', 30, 55], ['2009-07-26', 12, 62], ['2009-08-02', 4, 69]]"
终结者2018,科幻,美国,10957,30,"[['2009-06-09', 0, 0], ['2009-06-14', 5447, 6], ['2009-06-21', 3529, 13], ['2009-06-28', 928, 20], ['2009-07-05', 461, 27], ['2009-07-12', 400, 34], ['2009-07-19', 129, 41], ['2009-07-26', 34, 48], ['2009-08-02', 10, 55], ['2009-08-09', 3, 62]]"
游龙戏凤,爱情,中国/中国香港,10811,33,"[['2009-01-26', 0, 0], ['2009-01-25', 12, 0], ['2009-02-01', 4806, 7], ['2009-02-08', 2715, 14], ['2009-02-15', 1910, 21], ['2009-02-22', 713, 28], ['2009-03-01', 395, 35], ['2009-03-08', 174, 42], ['2009-03-15', 51, 49], ['2009-03-22', 18, 56], ['2009-03-29', 7, 63]]"
疯狂的赛车,喜剧,中国,10494,30,"[['2009-01-20', 0, 0], ['2009-01-18', 3, -1], ['2009-01-25', 2071, 6], ['2009-02-01', 3123, 13], ['2009-02-08', 2122, 20], ['2009-02-15', 1598, 27], ['2009-02-22', 788, 34], ['2009-03-01', 473, 41], ['2009-03-08', 198, 48], ['2009-03-15', 74, 55], ['2009-03-22', 22, 62], ['2009-03-29', 8, 69]]"
大内密探灵灵狗,喜剧,中国香港,10022,29,"[['2009-07-30', 0, 0], ['2009-07-26', 6, -2], ['2009-08-02', 3274, 5], ['2009-08-09', 3507, 12], ['2009-08-16', 2035, 19], ['2009-08-23', 716, 26], ['2009-08-30', 337, 33], ['2009-09-06', 84, 40], ['2009-09-13', 44, 47]]"
非常完美,爱情,韩国/中国,9194,31,"[['2009-08-13', 0, 0], ['2009-08-09', 3, -3], ['2009-08-16', 2383, 4], ['2009-08-23', 2913, 11], ['2009-08-30', 2306, 18], ['2009-09-06', 876, 25], ['2009-09-13', 557, 32], ['2009-09-20', 115, 39], ['2009-09-27', 27, 46]]"
窃听风云,剧情,中国/中国香港,8635,29,"[['2009-07-24', 0, 0], ['2009-07-26', 2355, 4], ['2009-08-02', 3392, 11], ['2009-08-09', 1743, 18], ['2009-08-16', 822, 25], ['2009-08-23', 197, 32], ['2009-08-30', 78, 39], ['2009-09-06', 23, 46]]"
花木兰,爱情,美国,8087,31,"[['2009-11-27', 0, 0], ['2009-11-22', 5, -4], ['2009-11-29', 2888, 3], ['2009-12-06', 4093, 10], ['2009-12-13', 956, 17], ['2009-12-20', 95, 24], ['2009-12-27', 27, 31], ['2009-01-03', 29, 38], ['2010-01-10', 2, 45], ['2010-01-17', 0, 52], ['2010-01-24', 0, 59], ['2010-01-31', 2, 66]]"
喜羊羊与灰太狼之牛气冲天,动画,中国,7960,26,"[['2009-01-16', 0, 0], ['2009-01-18', 1713, 3], ['2009-01-25', 2034, 10], ['2009-02-01', 2573, 17], ['2009-02-08', 1049, 24], ['2009-02-15', 308, 31], ['2009-02-22', 119, 38], ['2009-03-01', 58, 45], ['2009-03-08', 22, 52], ['2009-03-15', 13, 59], ['2009-03-22', 6, 66], ['2009-03-29', 6, 73]]"
飞屋环游记,动画,美国,7907,43,"[['2009-08-04', 0, 0], ['2009-08-09', 2078, 6], ['2009-08-16', 2023, 13], ['2009-08-23', 1507, 20], ['2009-08-30', 1098, 27], ['2009-09-06', 574, 34], ['2009-09-13', 412, 41], ['2009-09-20', 148, 48], ['2009-09-27', 57, 55], ['2009-10-04', 4, 62]]"
金刚狼,动作,美国,7695,30,"[['2009-05-03', 0, 0], ['2009-05-03', 827, 1], ['2009-05-10', 2971, 8], ['2009-05-17', 1709, 15], ['2009-05-24', 1099, 22], ['2009-05-31', 629, 29], ['2009-06-07', 336, 36], ['2009-06-14', 75, 43], ['2009-06-21', 32, 50], ['2009-06-28', 9, 57], ['2009-07-05', 2, 64]]"
麦兜响当当,动画,中国/中国香港,7621,28,"[['2017-03-17', 0, 0], ['2009-07-26', 2368, 3], ['2009-08-02', 2803, 10], ['2009-08-09', 1078, 17], ['2009-08-16', 539, 24], ['2009-08-23', 139, 31], ['2009-08-30', 64, 38], ['2009-09-06', 12, 45], ['2017-03-19', 779, 3], ['2017-03-26', 390, 10], ['2017-04-02', 50, 17], ['2017-04-09', 29, 24]]"
七龙珠,动作,美国,6500,29,"[['2009-03-14', 0, 0], ['2009-03-15', 354, 1], ['2009-03-22', 507, 8], ['2009-03-29', 607, 15], ['2009-04-05', 317, 22], ['2009-04-12', 67, 29], ['2009-04-19', 27, 36]]"
阿凡达,科幻,美国,133983,50,"[['2010-01-04', 0, 0], ['2009-01-03', 253, 0], ['2010-01-10', 27613, 7], ['2010-01-17', 23495, 14], ['2010-01-24', 19756, 21], ['2010-01-31', 15908, 28], ['2010-02-07', 11698, 35], ['2010-02-14', 8125, 42], ['2010-02-21', 9978, 49], ['2010-02-28', 5687, 56], ['2010-03-07', 3628, 63], ['2010-03-14', 3481, 70], ['2010-03-21', 1993, 77], ['2010-03-28', 950, 84]]"
唐山大地震,历史,中国,64988,37,"[['2010-07-22', 0, 0], ['2010-07-18', 12, -3], ['2010-07-25', 17472, 4], ['2010-08-01', 23370, 11], ['2010-08-08', 12552, 18], ['2010-08-15', 5860, 25], ['2010-08-22', 3504, 32], ['2010-08-29', 1311, 39], ['2010-09-05', 535, 46], ['2010-09-12', 228, 53], ['2010-09-19', 83, 60], ['2010-09-26', 19, 67], ['2010-10-03', 14, 74], ['2010-10-10', 9, 81], ['2010-10-17', 3, 88]]"
让子弹飞,喜剧,中国,65355,38,"[['2010-12-16', 0, 0], ['2010-12-12', 11, -3], ['2010-12-19', 17796, 4], ['2010-12-26', 20413, 11], ['2010-01-02', 15175, 18], ['2011-01-09', 6621, 25], ['2011-01-16', 3145, 32], ['2011-01-23', 1442, 39], ['2011-01-30', 573, 46], ['2011-02-06', 106, 53], ['2011-02-13', 51, 60], ['2011-02-20', 6, 67], ['2011-02-27', 5, 74]]"
盗梦空间,科幻,美国,46235,34,"[['2010-09-01', 0, 0], ['2010-09-05', 10030, 5], ['2010-09-12', 11334, 12], ['2010-09-19', 7021, 19], ['2010-09-26', 6947, 26], ['2010-10-03', 3962, 33], ['2010-10-10', 3905, 40], ['2010-10-17', 1294, 47], ['2010-10-24', 872, 54], ['2010-10-31', 637, 61], ['2010-11-07', 109, 68], ['2010-11-14', 93, 75], ['2010-11-21', 27, 82]]"
非诚勿扰2,爱情,中国,47159,39,"[['2010-12-22', 0, 0], ['2010-12-12', 1, -9], ['2010-12-19', 24, -2], ['2010-12-26', 22422, 5], ['2010-01-02', 15806, 12], ['2011-01-09', 5504, 19], ['2011-01-16', 2297, 26], ['2011-01-23', 867, 33], ['2011-01-30', 201, 40], ['2011-02-06', 16, 47], ['2011-02-13', 8, 54], ['2011-02-20', 3, 61]]"
狄仁杰之通天帝国,动作,中国/中国香港,28616,33,"[['2010-09-29', 0, 0], ['2010-09-26', 15, -2], ['2010-10-03', 11023, 5], ['2010-10-10', 9842, 12], ['2010-10-17', 3721, 19], ['2010-10-24', 2183, 26], ['2010-10-31', 1120, 33], ['2010-11-07', 528, 40], ['2010-11-14', 156, 47], ['2010-11-21', 18, 54]]"
叶问2：宗师传奇,动作,中国/中国香港,22952,33,"[['2010-04-27', 0, 0], ['2010-05-02', 10220, 6], ['2010-05-09', 6801, 13], ['2010-05-16', 2904, 20], ['2010-05-23', 1725, 27], ['2010-05-30', 888, 34], ['2010-06-06', 299, 41], ['2010-06-13', 60, 48], ['2010-06-20', 14, 55], ['2010-06-27', 6, 62]]"
爱丽丝梦游仙境,奇幻,美国,22874,47,"[['2010-03-26', 0, 0], ['2010-03-28', 6715, 3], ['2010-04-04', 8337, 10], ['2010-04-11', 5491, 17], ['2010-04-18', 1553, 24], ['2010-04-25', 325, 31], ['2010-05-02', 283, 38], ['2010-05-09', 98, 45], ['2010-05-16', 21, 52], ['2010-05-23', 12, 59], ['2010-05-30', 9, 66], ['2010-06-06', 13, 73]]"
敢死队,动作,美国,21443,32,"[['2010-08-20', 0, 0], ['2010-08-22', 7103, 3], ['2010-08-29', 9161, 10], ['2010-09-05', 3430, 17], ['2010-09-12', 1261, 24], ['2010-09-19', 412, 31], ['2010-09-26', 53, 38], ['2010-10-03', 12, 45], ['2010-10-10', 5, 52]]"
哈利·波特与死亡圣器(上),奇幻,英国/美国,20987,32,"[['2010-11-19', 0, 0], ['2010-11-21', 4315, 3], ['2010-11-28', 4728, 10], ['2010-12-05', 1877, 17], ['2010-12-12', 787, 24], ['2010-12-19', 276, 31], ['2010-12-26', 72, 38], ['2010-01-02', 68, 45], ['2011-01-09', 22, 52], ['2011-01-16', 3, 59]]"
赵氏孤儿,动作,中国,18244,33,"[['2010-12-04', 0, 0], ['2010-12-11', 7000, 7], ['2010-12-18', 3000, 14], ['2010-12-25', 1500, 21], ['2011-01-01', 800, 28], ['2011-01-08', 200, 35], ['2011-01-15', 80, 42], ['2011-01-22', 40, 49]]"
钢铁侠2,科幻,美国,17508,33,"[['2010-05-07', 0, 0], ['2010-05-09', 5654, 3], ['2010-05-16', 5714, 10], ['2010-05-23', 3212, 17], ['2010-05-30', 1700, 24], ['2010-06-06', 901, 31], ['2010-06-13', 207, 38], ['2010-06-20', 101, 45], ['2010-06-27', 9, 52]]"
诸神之战,奇幻,美国,17113,50,"[['2010-04-16', 0, 0], ['2010-04-18', 5212, 3], ['2010-04-25', 5644, 10], ['2010-05-02', 3912, 17], ['2010-05-09', 1782, 24], ['2010-05-16', 376, 31], ['2010-05-23', 115, 38], ['2010-05-30', 68, 45]]"
波斯王子：时之刃,科幻,美国,15907,32,"[['2010-05-28', 0, 0], ['2010-05-30', 4163, 3], ['2010-06-06', 5727, 10], ['2010-06-13', 2570, 17], ['2010-06-20', 2540, 24], ['2010-06-27', 589, 31], ['2010-07-04', 252, 38], ['2010-07-11', 35, 45], ['2010-07-18', 15, 52], ['2010-07-25', 8, 59]]"
大兵小将,动作,中国,15728,32,"[['2010-02-14', 0, 0], ['2010-02-14', 1518, 1], ['2010-02-21', 6804, 8], ['2010-02-28', 3868, 15], ['2010-03-07', 1870, 22], ['2010-03-14', 1341, 29], ['2010-03-21', 258, 36], ['2010-03-28', 50, 43], ['2010-04-04', 8, 50]]"
大笑江湖,喜剧,中国,15093,32,"[['2010-12-03', 0, 0], ['2010-12-05', 5758, 3], ['2010-12-12', 6841, 10], ['2010-12-19', 2111, 17], ['2010-12-26', 315, 24], ['2010-01-02', 103, 31], ['2011-01-09', 18, 38], ['2011-01-16', 3, 45], ['2011-01-23', 3, 52], ['2011-01-30', 5, 59], ['2011-02-06', 1, 66]]"
山楂树之恋,爱情,中国,14496,33,"[['2010-09-15', 0, 0], ['2010-09-19', 4184, 5], ['2010-09-26', 5100, 12], ['2010-10-03', 2509, 19], ['2010-10-10', 1776, 26], ['2010-10-17', 551, 33], ['2010-10-24', 267, 40], ['2010-10-31', 76, 47]]"
锦衣卫,动作,中国/中国香港,14030,33,"[['2010-02-03', 0, 0], ['2010-01-31', 19, -3], ['2010-02-07', 5275, 4], ['2010-02-14', 3510, 11], ['2010-02-21', 2769, 18], ['2010-02-28', 1454, 25], ['2010-03-07', 637, 32], ['2010-03-14', 295, 39], ['2010-03-21', 40, 46], ['2010-03-28', 13, 53]]"
精武风云·陈真,动作,中国/中国香港,13821,33,"[['2010-09-21', 0, 0], ['2010-09-26', 7848, 6], ['2010-10-03', 3069, 13], ['2010-10-10', 1806, 20], ['2010-10-17', 393, 27], ['2010-10-24', 107, 34], ['2010-10-31', 20, 41]]"
生化危机4：战神再生,科幻,美国,13548,40,"[['2010-11-16', 0, 0], ['2010-11-21', 6321, 6], ['2010-11-28', 4419, 13], ['2010-12-05', 2052, 20], ['2010-12-12', 546, 27], ['2010-12-19', 176, 34], ['2010-12-26', 25, 41], ['2010-01-02', 10, 48], ['2011-02-06', 3, 83]]"
越光宝盒,喜剧,中国/中国香港,13059,32,"[['2010-03-18', 0, 0], ['2010-03-21', 5210, 4], ['2010-03-28', 4729, 11], ['2010-04-04', 1863, 18], ['2010-04-11', 1003, 25], ['2010-04-18', 211, 32], ['2010-04-25', 26, 39], ['2010-05-02', 8, 46], ['2010-05-09', 2, 53]]"
全城热恋,爱情,中国/中国香港,12942,34,"[['2010-02-11', 0, 0], ['2010-02-07', 62, -3], ['2010-02-14', 3068, 4], ['2010-02-21', 4941, 11], ['2010-02-28', 2789, 18], ['2010-03-07', 1245, 25], ['2010-03-14', 690, 32], ['2010-03-21', 105, 39], ['2010-03-28', 28, 46], ['2010-04-04', 5, 53]]"
枪王之王,动作,中国/中国香港,12658,32,"[['2010-07-02', 0, 0], ['2010-07-04', 3679, 3], ['2010-07-11', 4461, 10], ['2010-07-18', 3021, 17], ['2010-07-25', 1154, 24], ['2010-08-01', 263, 31], ['2010-08-08', 45, 38], ['2010-08-15', 11, 45], ['2010-08-22', 8, 52], ['2010-09-12', 10, 73]]"
杜拉拉升职记,爱情,中国,12441,32,"[['2010-04-15', 0, 0], ['2010-04-11', 9, -3], ['2010-04-18', 4345, 4], ['2010-04-25', 4033, 11], ['2010-05-02', 2446, 18], ['2010-05-09', 1164, 25], ['2010-05-16', 289, 32], ['2010-05-23', 102, 39], ['2010-05-30', 32, 46]]"
变形金刚3,科幻,美国,107150,42,"[['2011-07-21', 0, 0], ['2011-07-24', 39042, 4], ['2011-07-31', 36127, 11], ['2011-08-07', 16666, 18], ['2011-08-14', 7637, 25], ['2011-08-21', 4109, 32], ['2011-08-28', 2038, 39], ['2011-09-04', 936, 46], ['2011-09-11', 350, 53], ['2011-09-18', 150, 60], ['2011-09-25', 23, 67]]"
功夫熊猫2,动画,美国,61198,38,"[['2011-05-28', 0, 0], ['2011-05-29', 10840, 2], ['2011-06-05', 23348, 9], ['2011-06-12', 12826, 16], ['2011-06-19', 5936, 23], ['2011-06-26', 4631, 30], ['2011-07-03', 3037, 37], ['2011-07-10', 321, 44], ['2011-07-17', 197, 51], ['2011-07-24', 46, 58]]"
加勒比海盗4：惊涛怪浪,奇幻,美国,46439,38,"[['2011-05-20', 0, 0], ['2011-05-22', 14277, 3], ['2011-05-29', 14415, 10], ['2011-06-05', 7937, 17], ['2011-06-12', 5920, 24], ['2011-06-19', 2893, 31], ['2011-06-26', 468, 38], ['2011-07-03', 194, 45], ['2011-07-10', 144, 52], ['2011-07-17', 139, 59], ['2011-07-24', 45, 66]]"
金陵十三钗,战争,中国,60206,41,"[['2011-12-15', 0, 0], ['2011-12-18', 14360, 4], ['2011-12-25', 20090, 11], ['2011-01-01', 13244, 18], ['2012-01-08', 7831, 25], ['2012-01-15', 3034, 32], ['2012-01-22', 394, 39], ['2012-01-29', 206, 46], ['2012-02-05', 47, 53]]"
建党伟业,历史,中国,40719,35,"[['2011-06-15', 0, 0], ['2011-06-19', 10684, 5], ['2011-06-26', 10888, 12], ['2011-07-03', 9282, 19], ['2011-07-10', 3176, 26], ['2011-07-17', 1399, 33], ['2011-07-24', 504, 40], ['2011-07-31', 241, 47], ['2011-08-07', 768, 54], ['2011-08-14', 976, 61], ['2011-08-21', 724, 68], ['2011-08-28', 549, 75], ['2011-09-04', 721, 82], ['2011-09-11', 558, 89]]"
哈利·波特与死亡圣器(下),奇幻,英国/美国,40245,39,"[['2011-08-04', 0, 0], ['2011-08-07', 18355, 4], ['2011-08-14', 12353, 11], ['2011-08-21', 5464, 18], ['2011-08-28', 2453, 25], ['2011-09-04', 1126, 32], ['2011-09-11', 307, 39], ['2011-09-18', 115, 46], ['2011-09-25', 69, 53]]"
龙门飞甲,动作,中国/中国香港,54070,44,"[['2011-12-15', 0, 0], ['2011-12-18', 13433, 4], ['2011-12-25', 17362, 11], ['2011-01-01', 11674, 18], ['2012-01-08', 7486, 25], ['2012-01-15', 2851, 32], ['2012-01-22', 500, 39], ['2012-01-29', 641, 46], ['2012-02-05', 23, 53]]"
失恋33天,爱情,中国,32051,32,"[['2011-11-08', 0, 0], ['2011-11-13', 17117, 6], ['2011-11-20', 8890, 13], ['2011-11-27', 4199, 20], ['2011-12-04', 1333, 27], ['2011-12-11', 507, 34]]"
蓝精灵,动画,美国,25221,38,"[['2011-08-10', 0, 0], ['2011-08-14', 8721, 5], ['2011-08-21', 8110, 12], ['2011-08-28', 4917, 19], ['2011-09-04', 2542, 26], ['2011-09-11', 713, 33], ['2011-09-18', 163, 40]]"
速度与激情5,动作,美国,25215,32,"[['2011-05-12', 0, 0], ['2011-05-15', 6452, 4], ['2011-05-22', 6675, 11], ['2011-05-29', 4275, 18], ['2011-06-05', 2876, 25], ['2011-06-12', 2604, 32], ['2011-06-19', 1587, 39], ['2011-06-26', 386, 46], ['2011-07-03', 179, 53], ['2011-07-10', 86, 60]]"
洛杉矶之战,科幻,美国,22600,32,"[['2011-03-18', 0, 0], ['2011-03-20', 7407, 3], ['2011-03-27', 8248, 10], ['2011-04-03', 3852, 17], ['2011-04-10', 2676, 24], ['2011-04-17', 392, 31], ['2011-04-24', 18, 38]]"
新少林寺,动作,中国/中国香港,21253,36,"[['2011-01-19', 0, 0], ['2011-01-23', 10506, 5], ['2011-01-30', 7118, 12], ['2011-02-06', 2394, 19], ['2011-02-13', 983, 26], ['2011-02-20', 187, 33], ['2011-02-27', 39, 40], ['2011-03-06', 13, 47]]"
窃听风云2,动作,中国/中国香港,20887,34,"[['2011-08-18', 0, 0], ['2011-08-21', 7516, 4], ['2011-08-28', 7886, 11], ['2011-09-04', 3993, 18], ['2011-09-11', 1216, 25], ['2011-09-18', 228, 32], ['2011-09-25', 28, 39]]"
武林外传,喜剧,中国,18900,36,"[['2011-01-26', 0, 0], ['2011-02-02', 7200, 7], ['2011-02-09', 3300, 14], ['2011-02-16', 2000, 21], ['2011-02-23', 900, 28], ['2011-03-02', 100, 35], ['2011-03-09', 10, 42]]"
将爱情进行到底,爱情,中国,19363,35,"[['2011-02-12', 0, 0], ['2011-02-13', 2660, 2], ['2011-02-20', 9782, 9], ['2011-02-27', 4072, 16], ['2011-03-06', 1739, 23], ['2011-03-13', 912, 30], ['2011-03-20', 153, 37], ['2011-03-27', 24, 44], ['2011-04-03', 7, 51]]"
猩球崛起,科幻,美国,18313,31,"[['2011-10-28', 0, 0], ['2011-10-30', 5909, 3], ['2011-11-06', 8176, 10], ['2011-11-13', 2817, 17], ['2011-11-20', 976, 24], ['2011-11-27', 421, 31], ['2011-12-04', 11, 38]]"
武侠,动作,中国/中国香港,17017,34,"[['2011-07-04', 0, 0], ['2011-07-03', 12, 0], ['2011-07-10', 9696, 7], ['2011-07-17', 5074, 14], ['2011-07-24', 1576, 21], ['2011-07-31', 446, 28], ['2011-08-07', 159, 35], ['2011-08-14', 35, 42], ['2011-08-21', 10, 49]]"
白蛇传说,爱情,中国,16878,33,"[['2011-09-28', 0, 0], ['2011-10-02', 6137, 5], ['2011-10-09', 6632, 12], ['2011-10-16', 2661, 19], ['2011-10-23', 1132, 26], ['2011-10-30', 270, 33], ['2011-11-06', 21, 40], ['2011-11-20', 4, 54], ['2011-11-27', 5, 61]]"
最强囍事,喜剧,中国/中国香港,16493,34,"[['2011-01-31', 0, 0], ['2011-01-30', 1, 0], ['2011-02-06', 7577, 7], ['2011-02-13', 5246, 14], ['2011-02-20', 2572, 21], ['2011-02-27', 877, 28], ['2011-03-06', 161, 35], ['2011-03-13', 44, 42], ['2011-03-20', 5, 49]]"
关云长,动作,中国/中国香港,15739,34,"[['2011-04-26', 0, 0], ['2011-05-01', 9879, 6], ['2011-05-08', 5033, 13], ['2011-05-15', 672, 20], ['2011-05-22', 105, 27], ['2011-05-29', 28, 34], ['2011-06-05', 9, 41], ['2011-06-12', 5, 48]]"
画壁,奇幻,中国/中国香港,14934,33,"[['2011-09-29', 0, 0], ['2011-10-02', 4619, 4], ['2011-10-09', 6909, 11], ['2011-10-16', 2425, 18], ['2011-10-23', 769, 25], ['2011-10-30', 175, 32]]"
倩女幽魂,爱情,中国/中国香港,14093,34,"[['2011-04-19', 0, 0], ['2011-04-24', 7030, 6], ['2011-05-01', 4084, 13], ['2011-05-08', 2424, 20], ['2011-05-15', 346, 27], ['2011-05-22', 57, 34], ['2011-05-29', 15, 41], ['2011-06-05', 8, 48], ['2011-06-12', 9, 55], ['2011-06-19', 2, 62]]"
鸿门宴传奇,动作,中国,13960,33,"[['2011-11-29', 0, 0], ['2011-11-27', 20, -1], ['2011-12-04', 7304, 6], ['2011-12-11', 5027, 13], ['2011-12-18', 1478, 20], ['2011-12-25', 114, 27], ['2011-01-01', 16, 34], ['2012-01-08', 2, 41]]"
人再囧途之泰囧,喜剧,中国,127190,32,"[['2012-12-12', 0, 0], ['2012-12-09', 12, -2], ['2012-12-16', 30850, 5], ['2012-12-23', 37970, 12], ['2012-12-30', 27132, 19], ['2012-01-06', 20375, 26], ['2013-01-13', 5786, 33], ['2013-01-20', 3129, 40], ['2013-01-27', 902, 47], ['2013-02-03', 272, 54], ['2013-02-10', 126, 61], ['2013-02-17', 84, 68]]"
泰坦尼克号3D,爱情,美国,94621,45,"[['2012-04-10', 0, 0], ['2012-04-15', 44391, 6], ['2012-04-22', 26530, 13], ['2012-04-29', 11283, 20], ['2012-05-06', 8868, 27], ['2012-05-13', 2013, 34], ['2012-05-20', 1023, 41], ['2012-05-27', 367, 48], ['2012-06-03', 108, 55], ['2012-06-10', 33, 62]]"
画皮2,爱情,中国/中国香港,70210,41,"[['2012-06-28', 0, 0], ['2012-07-01', 28374, 4], ['2012-07-08', 21983, 11], ['2012-07-15', 10187, 18], ['2012-07-22', 5708, 25], ['2012-07-29', 2912, 32], ['2012-08-05', 995, 39], ['2012-08-12', 30, 46]]"
碟中谍4,动作,美国,67219,35,"[['2012-01-28', 0, 0], ['2012-01-29', 10220, 2], ['2012-02-05', 25571, 9], ['2012-02-12', 13911, 16], ['2012-02-19', 8411, 23], ['2012-02-26', 4479, 30], ['2012-03-04', 2400, 37], ['2012-03-11', 1523, 44], ['2012-03-18', 467, 51], ['2012-03-25', 180, 58], ['2012-04-01', 50, 65]]"
少年派的奇幻漂流,奇幻,美国,57289,39,"[['2012-11-22', 0, 0], ['2012-11-25', 10263, 4], ['2012-12-02', 17309, 11], ['2012-12-09', 16661, 18], ['2012-12-16', 10072, 25], ['2012-12-23', 2981, 32]]"
复仇者联盟,科幻,美国,56649,42,"[['2012-05-05', 0, 0], ['2012-05-06', 11937, 2], ['2012-05-13', 20893, 9], ['2012-05-20', 12676, 16], ['2012-05-27', 6137, 23], ['2012-06-03', 2930, 30], ['2012-06-10', 1470, 37], ['2012-06-17', 383, 44], ['2012-06-24', 201, 51]]"
十二生肖,动作,中国/中国香港,88115,41,"[['2012-12-20', 0, 0], ['2012-12-23', 22353, 4], ['2012-12-30', 26569, 11], ['2012-01-06', 23960, 18], ['2013-01-13', 8260, 25], ['2013-01-20', 5137, 32], ['2013-01-27', 1277, 39], ['2013-02-03', 492, 46], ['2013-02-10', 50, 53]]"
黑衣人3,科幻,美国,50343,41,"[['2012-05-25', 0, 0], ['2012-05-27', 14987, 3], ['2012-06-03', 17136, 10], ['2012-06-10', 9172, 17], ['2012-06-17', 4780, 24], ['2012-06-24', 3096, 31], ['2012-07-01', 949, 38], ['2012-07-08', 220, 45]]"
冰川时代4：大陆漂移,动画,美国,44743,38,"[['2012-07-27', 0, 0], ['2012-07-29', 12368, 3], ['2012-08-05', 14995, 10], ['2012-08-12', 7848, 17], ['2012-08-19', 5144, 24], ['2012-08-26', 4386, 31]]"
地心历险记2：神秘岛,科幻,美国,38652,42,"[['2012-02-10', 0, 0], ['2012-02-12', 10033, 3], ['2012-02-19', 14512, 10], ['2012-02-26', 6841, 17], ['2012-03-04', 3847, 24], ['2012-03-11', 2360, 31], ['2012-03-18', 869, 38], ['2012-03-25', 135, 45], ['2012-04-01', 50, 52]]"
一九四二,历史,中国/中国香港,36994,37,"[['2012-11-29', 0, 0], ['2012-12-02', 13732, 4], ['2012-12-09', 15073, 11], ['2012-12-16', 6561, 18], ['2012-12-23', 1385, 25], ['2012-12-30', 215, 32], ['2012-01-06', 83, 39], ['2013-01-13', 34, 46], ['2013-01-27', 15, 60]]"
蝙蝠侠：黑暗骑士崛起,动作,美国,33878,37,"[['2012-08-27', 0, 0], ['2012-08-26', 233, 0], ['2012-09-02', 20095, 7], ['2012-09-09', 6911, 14], ['2012-09-16', 3858, 21], ['2012-09-23', 2155, 28], ['2012-09-30', 582, 35], ['2012-10-07', 29, 42]]"
敢死队2,动作,美国,33158,33,"[['2012-09-04', 0, 0], ['2012-09-09', 15130, 6], ['2012-09-16', 9454, 13], ['2012-09-23', 5077, 20], ['2012-09-30', 1752, 27], ['2012-10-07', 1743, 34]]"
超凡蜘蛛侠,科幻,美国,31052,41,"[['2012-08-27', 0, 0], ['2012-08-26', 277, 0], ['2012-09-02', 21037, 7], ['2012-09-09', 5065, 14], ['2012-09-16', 2804, 21], ['2012-09-23', 1487, 28], ['2012-09-30', 378, 35]]"
超级战舰,科幻,美国,31011,34,"[['2012-04-18', 0, 0], ['2012-04-22', 11564, 5], ['2012-04-29', 8549, 12], ['2012-05-06', 7869, 19], ['2012-05-13', 1808, 26], ['2012-05-20', 825, 33], ['2012-05-27', 287, 40], ['2012-06-03', 103, 47]]"
异星战场,科幻,美国,26009,40,"[['2012-03-16', 0, 0], ['2012-03-18', 8803, 3], ['2012-03-25', 9861, 10], ['2012-04-01', 3892, 17], ['2012-04-08', 3107, 24], ['2012-04-15', 296, 31], ['2012-04-22', 28, 38]]"
寒战,动作,中国香港,25304,32,"[['2012-11-08', 0, 0], ['2012-11-11', 9267, 4], ['2012-11-18', 9338, 11], ['2012-11-25', 4887, 18], ['2012-12-02', 1523, 25], ['2012-12-09', 279, 32], ['2012-12-23', 1, 46]]"
听风者,剧情,中国/中国香港,23217,35,"[['2012-08-07', 0, 0], ['2012-08-12', 11530, 6], ['2012-08-19', 6778, 13], ['2012-08-26', 4577, 20], ['2012-09-02', 222, 27], ['2012-09-09', 28, 34], ['2012-09-23', 3, 48]]"
普罗米修斯,科幻,美国,22321,40,"[['2012-09-02', 0, 0], ['2012-09-02', 2794, 1], ['2012-09-09', 9691, 8], ['2012-09-16', 5902, 15], ['2012-09-23', 3114, 22], ['2012-09-30', 817, 29]]"
谍影重重4,动作,美国,21315,33,"[['2012-10-25', 0, 0], ['2012-10-29', 360, 4], ['2012-11-05', 685, 11], ['2012-11-12', 831, 18], ['2012-11-19', 331, 25], ['2012-11-26', 131, 32]]"
马达加斯加3,动画,美国,20916,39,"[['2012-06-08', 0, 0], ['2012-06-10', 5494, 3], ['2012-06-17', 5499, 10], ['2012-06-24', 4782, 17], ['2012-07-01', 2251, 24], ['2012-07-08', 1282, 31], ['2012-07-15', 805, 38], ['2012-07-22', 799, 45]]"
四大名捕,动作,中国/中国香港,19182,33,"[['2012-07-12', 0, 0], ['2012-07-15', 7809, 4], ['2012-07-22', 6941, 11], ['2012-07-29', 3321, 18], ['2012-08-05', 986, 25], ['2012-08-12', 94, 32], ['2012-10-07', 2, 88]]"
大侦探福尔摩斯2,动作,美国,18806,33,"[['2012-01-15', 0, 0], ['2012-01-15', 1893, 1], ['2012-01-22', 6562, 8], ['2012-01-29', 6872, 15], ['2012-02-05', 2337, 22], ['2012-02-12', 1030, 29], ['2012-02-19', 67, 36], ['2012-02-26', 19, 43]]"
饥饿游戏,动作,美国,17434,34,"[['2012-06-14', 0, 0], ['2012-06-17', 6207, 4], ['2012-06-24', 6682, 11], ['2012-07-01', 3018, 18], ['2012-07-08', 1250, 25], ['2012-07-15', 275, 32]]"
大魔术师,爱情,中国/中国香港,17363,34,"[['2012-01-12', 0, 0], ['2012-01-15', 7462, 4], ['2012-01-22', 4468, 11], ['2012-01-29', 4125, 18], ['2012-02-05', 996, 25], ['2012-02-12', 273, 32], ['2012-02-19', 16, 39]]"
西游降魔篇,奇幻,中国/中国香港,124699,40,"[['2013-02-10', 0, 0], ['2013-02-03', 126, -6], ['2013-02-10', 8381, 1], ['2013-02-17', 57905, 8], ['2013-02-24', 34167, 15], ['2013-03-03', 14560, 22], ['2013-03-10', 6439, 29], ['2013-03-17', 2466, 36], ['2013-03-24', 599, 43], ['2013-03-31', 48, 50]]"
钢铁侠3,科幻,美国/中国,75486,42,"[['2013-05-01', 0, 0], ['2013-05-05', 40415, 5], ['2013-05-12', 20606, 12], ['2013-05-19', 8436, 19], ['2013-05-26', 4499, 26], ['2013-06-02', 1193, 33], ['2013-06-09', 334, 40]]"
致我们终将逝去的青春,爱情,中国,71910,32,"[['2013-04-26', 0, 0], ['2013-04-21', 6, -4], ['2013-04-28', 14576, 3], ['2013-05-05', 33806, 10], ['2013-05-12', 14535, 17], ['2013-05-19', 5853, 24], ['2013-05-26', 2290, 31], ['2013-06-02', 561, 38], ['2013-06-09', 180, 45], ['2013-06-16', 65, 52], ['2013-06-23', 24, 59]]"
环太平洋,科幻,美国,69465,40,"[['2013-07-31', 0, 0], ['2013-08-04', 28573, 5], ['2013-08-11', 21139, 12], ['2013-08-18', 14763, 19], ['2013-08-25', 4023, 26], ['2013-09-01', 1031, 33]]"
狄仁杰之神都龙王,动作,中国,60078,40,"[['2013-09-28', 0, 0], ['2013-09-29', 9503, 2], ['2013-10-06', 35211, 9], ['2013-10-13', 10446, 16], ['2013-10-20', 3678, 23], ['2013-10-27', 1038, 30], ['2013-11-03', 204, 37]]"
私人订制,喜剧,中国/中国香港,71380,36,"[['2013-12-19', 0, 0], ['2013-12-22', 32467, 4], ['2013-12-29', 21929, 11], ['2013-01-05', 11604, 18], ['2014-01-12', 3253, 25], ['2014-01-19', 1323, 32], ['2014-01-26', 504, 39], ['2014-02-02', 256, 46], ['2014-02-09', 17, 53]]"
中国合伙人,爱情,中国/中国香港,53879,32,"[['2013-05-17', 0, 0], ['2013-05-19', 10773, 3], ['2013-05-26', 21030, 10], ['2013-06-02', 11248, 17], ['2013-06-09', 5196, 24], ['2013-06-16', 4232, 31], ['2013-06-23', 1120, 38], ['2013-06-30', 211, 45], ['2013-07-07', 38, 52], ['2013-07-14', 15, 59]]"
北京遇上西雅图,爱情,中国/中国香港,51975,32,"[['2013-03-21', 0, 0], ['2013-03-24', 7735, 4], ['2013-03-31', 17051, 11], ['2013-04-07', 14927, 18], ['2013-04-14', 7626, 25], ['2013-04-21', 3296, 32], ['2013-04-28', 1149, 39], ['2013-05-05', 146, 46]]"
小时代,爱情,中国,48436,32,"[['2013-06-27', 0, 0], ['2013-06-30', 26848, 4], ['2013-07-07', 15359, 11], ['2013-07-14', 4895, 18], ['2013-07-21', 1144, 25], ['2013-07-28', 132, 32], ['2013-08-11', 31, 46], ['2013-08-18', 13, 53]]"
地心引力,科幻,美国,43553,41,"[['2013-11-19', 0, 0], ['2013-11-24', 22265, 6], ['2013-12-01', 14134, 13], ['2013-12-08', 4989, 20], ['2013-12-15', 1823, 27], ['2013-12-22', 335, 34]]"
速度与激情6,动作,美国,41330,33,"[['2013-07-26', 0, 0], ['2013-07-28', 18474, 3], ['2013-08-04', 15776, 10], ['2013-08-11', 5026, 17], ['2013-08-18', 1715, 24], ['2013-08-25', 369, 31]]"
疯狂原始人,动画,美国,39472,37,"[['2013-04-20', 0, 0], ['2013-04-21', 4016, 2], ['2013-04-28', 6446, 9], ['2013-05-05', 12381, 16], ['2013-05-12', 5441, 23], ['2013-05-19', 3950, 30], ['2013-05-26', 3065, 37], ['2013-06-02', 3602, 44], ['2013-06-09', 558, 51]]"
超人：钢铁之躯,动作,美国,39449,41,"[['2013-06-20', 0, 0], ['2013-06-23', 16211, 4], ['2013-06-30', 13207, 11], ['2013-07-07', 6835, 18], ['2013-07-14', 2623, 25], ['2013-07-21', 567, 32]]"
007：大破天幕杀机,动作,美国,37613,35,"[['2013-01-21', 0, 0], ['2013-01-20', 181, 0], ['2013-01-27', 21896, 7], ['2013-02-03', 10136, 14], ['2013-02-10', 4083, 21], ['2013-02-17', 1309, 28]]"
星际迷航：暗黑无界,科幻,美国,35294,41,"[['2013-05-28', 0, 0], ['2013-06-02', 16132, 6], ['2013-06-09', 7948, 13], ['2013-06-16', 8803, 20], ['2013-06-23', 2110, 27], ['2013-06-30', 297, 34]]"
侏罗纪公园,科幻,美国,34886,38,"[['2013-08-20', 0, 0], ['2013-08-25', 20221, 6], ['2013-09-01', 10661, 13], ['2013-09-08', 2940, 20], ['2013-09-15', 873, 27], ['2013-09-22', 215, 34]]"
警察故事2013,动作,中国/中国香港,53439,40,"[['2013-12-24', 0, 0], ['2013-12-22', 16, -1], ['2013-12-29', 28152, 6], ['2013-01-05', 16818, 13], ['2014-01-12', 4954, 20], ['2014-01-19', 2166, 27], ['2014-01-26', 976, 34], ['2014-02-02', 335, 41]]"
雷神2：黑暗世界,动作,美国,34240,39,"[['2013-11-08', 0, 0], ['2013-11-10', 13229, 3], ['2013-11-17', 15542, 10], ['2013-11-24', 3940, 17], ['2013-12-01', 1322, 24], ['2013-12-08', 199, 31]]"
特种部队2：全面反击,动作,美国,33806,40,"[['2013-04-15', 0, 0], ['2013-04-14', 190, 0], ['2013-04-21', 21250, 7], ['2013-04-28', 7956, 14], ['2013-05-05', 4199, 21], ['2013-05-12', 179, 28], ['2013-05-19', 29, 35]]"
霍比特人1：意外旅程,奇幻,美国,31579,44,"[['2013-02-22', 0, 0], ['2013-02-24', 11853, 3], ['2013-03-03', 11839, 10], ['2013-03-10', 5345, 17], ['2013-03-17', 1924, 24], ['2013-03-24', 575, 31], ['2013-03-31', 36, 38]]"
风暴,动作,中国/中国香港,30828,39,"[['2013-12-12', 0, 0], ['2013-12-08', 19, -3], ['2013-12-15', 16866, 4], ['2013-12-22', 10093, 11], ['2013-12-29', 3335, 18], ['2013-01-05', 967, 25], ['2014-01-12', 136, 32]]"
天机·富春山居图,动作,中国/中国香港,30032,39,"[['2013-06-09', 0, 0], ['2013-06-09', 5124, 1], ['2013-06-16', 20618, 8], ['2013-06-23', 3169, 15], ['2013-06-30', 258, 22], ['2013-07-07', 30, 29], ['2013-07-14', 85, 36], ['2013-07-21', 167, 43], ['2013-07-28', 233, 50], ['2013-08-04', 119, 57], ['2013-08-11', 50, 64], ['2013-08-18', 60, 71], ['2013-08-25', 31, 78], ['2013-09-01', 60, 85]]"
小时代2：青木时代,爱情,中国/中国台湾,29590,31,"[['2013-08-08', 0, 0], ['2013-08-11', 17094, 4], ['2013-08-18', 10600, 11], ['2013-08-25', 1710, 18], ['2013-09-01', 199, 25], ['2013-09-08', 14, 32]]"
一代宗师,动作,中国/中国香港,28784,36,"[['2013-01-08', 0, 0], ['2012-01-06', 13, -1], ['2013-01-13', 16719, 6], ['2013-01-20', 8813, 13], ['2013-01-27', 2227, 20], ['2013-02-03', 832, 27], ['2013-02-10', 160, 34]]"
变形金刚4：绝迹重生,科幻,美国,197756,42,"[['2014-06-27', 0, 0], ['2014-06-29', 63188, 3], ['2014-07-06', 75030, 10], ['2014-07-13', 35192, 17], ['2014-07-20', 16332, 24], ['2014-07-27', 7934, 31]]"
心花路放,喜剧,中国,117002,34,"[['2014-09-30', 0, 0], ['2014-09-21', 811, -8], ['2014-09-28', 2755, -1], ['2014-10-05', 61216, 6], ['2014-10-12', 30611, 13], ['2014-10-19', 12820, 20], ['2014-10-26', 6773, 27], ['2014-11-02', 1992, 34]]"
西游记之大闹天宫,奇幻,中国/中国香港,104560,42,"[['2014-01-31', 0, 0], ['2014-02-02', 32125, 3], ['2014-02-09', 45970, 10], ['2014-02-16', 19194, 17], ['2014-02-23', 5375, 24], ['2014-03-02', 1505, 31], ['2014-03-09', 266, 38], ['2014-03-16', 59, 45], ['2014-03-23', 8, 52]]"
星际穿越,科幻,美国/英国,75536,36,"[['2014-11-12', 0, 0], ['2014-11-16', 26885, 5], ['2014-11-23', 26204, 12], ['2014-11-30', 14465, 19], ['2014-12-07', 6051, 26], ['2014-12-14', 1905, 33]]"
X战警：逆转未来,科幻,美国,72296,37,"[['2014-05-23', 0, 0], ['2014-05-25', 24570, 3], ['2014-06-01', 27529, 10], ['2014-06-08', 14408, 17], ['2014-06-15', 4423, 24], ['2014-06-22', 1299, 31], ['2014-06-29', 47, 38]]"
美国队长2：冬日战士,动作,美国,71853,39,"[['2014-04-04', 0, 0], ['2014-04-06', 24464, 3], ['2014-04-13', 25856, 10], ['2014-04-20', 11235, 17], ['2014-04-27', 5586, 24], ['2014-05-04', 4695, 31]]"
猩球崛起2：黎明之战,科幻,美国,70925,37,"[['2014-08-29', 0, 0], ['2014-08-31', 28969, 3], ['2014-09-07', 21490, 10], ['2014-09-14', 12554, 17], ['2014-09-21', 5335, 24], ['2014-09-28', 2329, 31], ['2014-10-05', 226, 38]]"
爸爸去哪儿,剧情,中国,69639,32,"[['2014-01-31', 0, 0], ['2014-01-26', 38, -4], ['2014-02-02', 25688, 3], ['2014-02-09', 32499, 10], ['2014-02-16', 9291, 17], ['2014-02-23', 1586, 24], ['2014-03-02', 441, 31], ['2014-03-09', 51, 38], ['2014-03-16', 14, 45]]"
分手大师,喜剧,中国,66541,33,"[['2014-06-27', 0, 0], ['2014-06-29', 15364, 3], ['2014-07-06', 25337, 10], ['2014-07-13', 16734, 17], ['2014-07-20', 7030, 24], ['2014-07-27', 1622, 31], ['2014-08-03', 352, 38], ['2014-08-10', 58, 45]]"
后会无期,爱情,中国,62882,32,"[['2014-07-24', 0, 0], ['2014-07-27', 29608, 4], ['2014-08-03', 21837, 11], ['2014-08-10', 7923, 18], ['2014-08-17', 2901, 25], ['2014-08-24', 511, 32], ['2014-08-31', 98, 39]]"
银河护卫队,动作,美国,59656,39,"[['2014-10-10', 0, 0], ['2014-10-12', 19241, 3], ['2014-10-19', 24379, 10], ['2014-10-26', 11382, 17], ['2014-11-02', 3623, 24], ['2014-11-09', 956, 31], ['2014-11-16', 58, 38]]"
超凡蜘蛛侠2,科幻,美国,58559,39,"[['2014-05-04', 0, 0], ['2014-05-04', 6148, 1], ['2014-05-11', 28959, 8], ['2014-05-18', 15258, 15], ['2014-05-25', 6676, 22], ['2014-06-01', 1237, 29], ['2014-06-08', 262, 36]]"
匆匆那年,爱情,中国,58162,35,"[['2014-12-05', 0, 0], ['2014-11-30', 2090, -4], ['2014-12-07', 20693, 3], ['2014-12-14', 22253, 10], ['2014-12-21', 9925, 17], ['2014-12-28', 2713, 24], ['2014-01-04', 989, 31], ['2015-01-11', 106, 38]]"
澳门风云,喜剧,中国/中国香港,52481,32,"[['2014-01-31', 0, 0], ['2014-02-02', 7322, 3], ['2014-02-09', 20019, 10], ['2014-02-16', 14443, 17], ['2014-02-23', 6770, 24], ['2014-03-02', 3149, 31], ['2014-03-09', 668, 38], ['2014-03-16', 89, 45]]"
小时代3：刺金时代,爱情,中国,52156,32,"[['2014-07-17', 0, 0], ['2014-07-06', 42, -10], ['2014-07-13', 75, -3], ['2014-07-20', 31566, 4], ['2014-07-27', 15461, 11], ['2014-08-03', 4120, 18], ['2014-08-10', 660, 25], ['2014-08-17', 159, 32]]"
一步之遥,喜剧,中国/中国香港,49197,42,"[['2014-12-18', 0, 0], ['2014-12-21', 34407, 4], ['2014-12-28', 12613, 11], ['2014-01-04', 4112, 18], ['2015-01-11', 268, 25]]"
哥斯拉,科幻,美国,48142,38,"[['2014-06-13', 0, 0], ['2014-06-15', 23154, 3], ['2014-06-22', 19879, 10], ['2014-06-29', 4749, 17], ['2014-07-06', 253, 24], ['2014-07-13', 88, 31]]"
霍比特人2：史矛革之战,奇幻,美国,46271,41,"[['2014-02-21', 0, 0], ['2014-02-23', 20328, 3], ['2014-03-02', 16488, 10], ['2014-03-09', 6935, 17], ['2014-03-16', 2272, 24], ['2014-03-23', 233, 31]]"
同桌的你,爱情,中国,45574,33,"[['2014-04-25', 0, 0], ['2014-04-27', 11006, 3], ['2014-05-04', 21648, 10], ['2014-05-11', 7322, 17], ['2014-05-18', 3883, 24], ['2014-05-25', 1454, 31], ['2014-06-01', 180, 38], ['2014-06-08', 60, 45]]"
智取威虎山,动作,中国/中国香港,45528,41,"[['2014-12-23', 0, 0], ['2014-12-21', 162, -1], ['2014-12-28', 32152, 6], ['2014-01-04', 36659, 13], ['2015-01-11', 10829, 20], ['2015-01-18', 4978, 27], ['2015-01-25', 2271, 34], ['2015-02-01', 622, 41], ['2015-02-08', 242, 48], ['2015-02-15', 135, 55], ['2015-02-22', 112, 62], ['2015-03-01', 68, 69]]"
敢死队3,动作,美国,45329,32,"[['2014-09-01', 0, 0], ['2014-08-31', 421, 0], ['2014-09-07', 25407, 7], ['2014-09-14', 12532, 14], ['2014-09-21', 4797, 21], ['2014-09-28', 1891, 28], ['2014-10-05', 274, 35]]"
京城81号,惊悚,中国,41184,35,"[['2014-07-18', 0, 0], ['2014-07-20', 15853, 3], ['2014-07-27', 17186, 10], ['2014-08-03', 6130, 17], ['2014-08-10', 1392, 24], ['2014-08-17', 505, 31]]"
极品飞车,动作,美国,41168,38,"[['2014-03-14', 0, 0], ['2014-03-16', 13163, 3], ['2014-03-23', 15047, 10], ['2014-03-30', 8600, 17], ['2014-04-06', 3687, 24], ['2014-04-13', 642, 31], ['2014-04-20', 13, 38]]"
明日边缘,科幻,美国,40641,38,"[['2014-06-06', 0, 0], ['2014-06-08', 16097, 3], ['2014-06-15', 15364, 10], ['2014-06-22', 7042, 17], ['2014-06-29', 2014, 24], ['2014-07-06', 110, 31]]"
北京爱情故事,爱情,中国/中国香港,40552,34,"[['2014-02-13', 0, 0], ['2014-02-16', 20462, 4], ['2014-02-23', 12590, 11], ['2014-03-02', 5535, 18], ['2014-03-09', 1661, 25], ['2014-03-16', 261, 32], ['2014-03-23', 21, 39]]"
捉妖记,奇幻,中国/中国香港,243997,37,"[['2015-07-16', 0, 0], ['2015-07-12', 551, -3], ['2015-07-19', 66975, 4], ['2015-07-26', 70615, 11], ['2015-08-02', 42598, 18], ['2015-08-09', 24573, 25], ['2015-08-16', 16113, 32], ['2015-08-23', 11630, 39], ['2015-08-30', 5553, 46], ['2015-09-06', 3006, 53], ['2015-09-13', 1787, 60], ['2015-09-20', 401, 67]]"
速度与激情7,动作,美国,242659,39,"[['2015-04-12', 0, 0], ['2015-04-12', 39872, 1], ['2015-04-19', 116970, 8], ['2015-04-26', 45544, 15], ['2015-05-03', 28523, 22], ['2015-05-10', 10840, 29], ['2015-05-17', 926, 36]]"
港囧,喜剧,中国,161354,33,"[['2015-09-25', 0, 0], ['2015-09-20', 50, -4], ['2015-09-27', 68414, 3], ['2015-10-04', 65160, 10], ['2015-10-11', 22295, 17], ['2015-10-18', 4310, 24], ['2015-10-25', 899, 31], ['2015-11-01', 144, 38]]"
复仇者联盟2：奥创纪元,科幻,美国,146439,40,"[['2015-05-12', 0, 0], ['2015-05-17', 96658, 6], ['2015-05-24', 33696, 13], ['2015-05-31', 10613, 20], ['2015-06-07', 4496, 27], ['2015-06-14', 933, 34]]"
夏洛特烦恼,喜剧,中国,144160,32,"[['2015-09-30', 0, 0], ['2015-09-27', 1059, -2], ['2015-10-04', 25837, 5], ['2015-10-11', 63605, 12], ['2015-10-18', 29749, 19], ['2015-10-25', 14389, 26], ['2015-11-01', 7075, 33], ['2015-11-08', 1794, 40], ['2015-11-15', 418, 47], ['2015-11-22', 123, 54], ['2015-11-29', 36, 61]]"
侏罗纪世界,动作,美国,142070,38,"[['2015-06-10', 0, 0], ['2015-06-14', 60645, 5], ['2015-06-21', 42053, 12], ['2015-06-28', 23230, 19], ['2015-07-05', 11998, 26], ['2015-07-12', 4082, 33]]"
寻龙诀,动作,中国/中国香港,168273,36,"[['2015-12-18', 0, 0], ['2015-12-20', 60075, 3], ['2015-12-27', 61484, 10], ['2015-01-03', 33849, 17], ['2016-01-10', 8324, 24], ['2016-01-17', 2302, 31], ['2016-01-24', 1035, 38], ['2016-01-31', 679, 45], ['2016-02-07', 410, 52], ['2016-02-14', 23, 59]]"
煎饼侠,喜剧,中国,116031,33,"[['2015-07-17', 0, 0], ['2015-07-19', 43163, 3], ['2015-07-26', 43727, 10], ['2015-08-02', 15124, 17], ['2015-08-09', 8040, 24], ['2015-08-16', 3975, 31], ['2015-08-23', 1600, 38], ['2015-08-30', 171, 45]]"
澳门风云2,喜剧,中国/中国香港,97491,39,"[['2015-02-19', 0, 0], ['2015-02-22', 27409, 4], ['2015-03-01', 43320, 11], ['2015-03-08', 17312, 18], ['2015-03-15', 6816, 25], ['2015-03-22', 2176, 32], ['2015-03-29', 286, 39]]"
西游记之大圣归来,动画,中国,95643,35,"[['2015-07-10', 0, 0], ['2015-07-05', 963, -4], ['2015-07-12', 8669, 3], ['2015-07-19', 37253, 10], ['2015-07-26', 20433, 17], ['2015-08-02', 10917, 24], ['2015-08-09', 7192, 31], ['2015-08-16', 4764, 38], ['2015-08-23', 3467, 45], ['2015-08-30', 1287, 52], ['2015-09-06', 584, 59]]"
碟中谍5：神秘国度,动作,美国,86977,33,"[['2015-09-08', 0, 0], ['2015-09-13', 55278, 6], ['2015-09-20', 21595, 13], ['2015-09-27', 7302, 20], ['2015-10-04', 2124, 27], ['2015-10-11', 639, 34]]"
霍比特人3：五军之战,奇幻,美国,76650,40,"[['2015-01-23', 0, 0], ['2015-01-25', 31254, 3], ['2015-02-01', 26781, 10], ['2015-02-08', 12487, 17], ['2015-02-15', 4690, 24], ['2015-02-22', 1306, 31], ['2015-03-01', 30, 38]]"
天将雄师,动作,中国,74430,41,"[['2015-02-19', 0, 0], ['2015-02-22', 34732, 4], ['2015-03-01', 28486, 11], ['2015-03-08', 8289, 18], ['2015-03-15', 2116, 25], ['2015-03-22', 551, 32], ['2015-03-29', 77, 39]]"
终结者：创世纪,科幻,美国,72536,37,"[['2015-08-23', 0, 0], ['2015-08-23', 16808, 1], ['2015-08-30', 36066, 8], ['2015-09-06', 16617, 15], ['2015-09-13', 2670, 22], ['2015-09-20', 300, 29]]"
狼图腾,剧情,中国/法国,69960,39,"[['2015-02-19', 0, 0], ['2015-02-15', 4736, -3], ['2015-02-22', 15732, 4], ['2015-03-01', 29291, 11], ['2015-03-08', 13029, 18], ['2015-03-15', 4820, 25], ['2015-03-22', 1497, 32], ['2015-03-29', 358, 39], ['2015-04-05', 107, 46], ['2015-04-12', 43, 53], ['2015-04-19', 29, 60], ['2015-04-26', 18, 67]]"
九层妖塔,动作,中国,68293,34,"[['2015-09-30', 0, 0], ['2015-09-27', 2044, -2], ['2015-10-04', 42356, 5], ['2015-10-11', 19447, 12], ['2015-10-18', 3771, 19], ['2015-10-25', 515, 26], ['2015-11-01', 104, 33]]"
蚁人,科幻,美国,67176,36,"[['2015-10-16', 0, 0], ['2015-10-18', 27257, 3], ['2015-10-25', 24872, 10], ['2015-11-01', 12371, 17], ['2015-11-08', 2382, 24], ['2015-11-15', 288, 31]]"
末日崩塌,灾难,美国,62967,37,"[['2015-06-02', 0, 0], ['2015-06-07', 31881, 6], ['2015-06-14', 18074, 13], ['2015-06-21', 7668, 20], ['2015-06-28', 4174, 27], ['2015-07-05', 1141, 34]]"
恶棍天使,喜剧,中国,64959,30,"[['2015-12-24', 0, 0], ['2015-12-20', 64, -3], ['2015-12-27', 50987, 4], ['2015-01-03', 12565, 11], ['2016-01-10', 1131, 18], ['2016-01-17', 161, 25]]"
火星救援,科幻,美国,58690,37,"[['2015-11-25', 0, 0], ['2015-11-29', 31022, 5], ['2015-12-06', 17134, 12], ['2015-12-13', 7994, 19], ['2015-12-20', 2345, 26], ['2015-12-27', 167, 33]]"
杀破狼2,动作,中国/中国香港,56040,36,"[['2015-06-18', 0, 0], ['2015-06-21', 26691, 4], ['2015-06-28', 19380, 11], ['2015-07-05', 7430, 18], ['2015-07-12', 2280, 25], ['2015-07-19', 220, 32]]"
战狼,动作,中国,54447,34,"[['2015-04-02', 0, 0], ['2015-03-22', 27, -10], ['2015-03-29', 166, -3], ['2015-04-05', 20830, 4], ['2015-04-12', 22711, 11], ['2015-04-19', 5468, 18], ['2015-04-26', 3082, 25], ['2015-05-03', 1130, 32], ['2015-05-10', 460, 39], ['2015-05-17', 168, 46], ['2015-05-24', 197, 53], ['2015-05-31', 85, 60]]"
007：幽灵党,动作,美国/英国,54209,32,"[['2015-11-13', 0, 0], ['2015-11-15', 30841, 3], ['2015-11-22', 18699, 10], ['2015-11-29', 3840, 17], ['2015-12-06', 701, 24], ['2015-12-13', 122, 31]]"
哆啦A梦：伴我同行,动画,日本,53032,35,"[['2015-05-28', 0, 0], ['2015-05-31', 23877, 4], ['2015-06-07', 21638, 11], ['2015-06-14', 5143, 18], ['2015-06-21', 1750, 25], ['2015-06-28', 574, 32]]"
超能陆战队,动画,美国,52643,37,"[['2015-02-28', 0, 0], ['2015-03-01', 8557, 2], ['2015-03-08', 18838, 9], ['2015-03-15', 14277, 16], ['2015-03-22', 7309, 23], ['2015-03-29', 3461, 30], ['2015-04-05', 147, 37]]"
美人鱼,喜剧,中国/中国香港,339212,37,"[['2016-02-08', 0, 0], ['2016-02-07', 489, 0], ['2016-02-14', 181744, 7], ['2016-02-21', 92189, 14], ['2016-02-28', 40795, 21], ['2016-03-06', 14613, 28], ['2016-03-13', 6626, 35], ['2016-03-20', 1830, 42], ['2016-03-27', 488, 49], ['2016-04-03', 192, 56], ['2016-04-10', 109, 63]]"
疯狂动物城,动画,美国,153033,34,"[['2016-03-04', 0, 0], ['2016-03-06', 15548, 3], ['2016-03-13', 58084, 10], ['2016-03-20', 38602, 17], ['2016-03-27', 17690, 24], ['2016-04-03', 12139, 31], ['2016-04-10', 8528, 38], ['2016-04-17', 2435, 45]]"
魔兽,动作,美国,147215,37,"[['2016-06-08', 0, 0], ['2016-06-12', 103040, 5], ['2016-06-19', 31851, 12], ['2016-06-26', 9802, 19], ['2016-07-03', 2062, 26], ['2016-07-10', 434, 33]]"
美国队长3：英雄内战,动作,美国,124627,35,"[['2016-05-06', 0, 0], ['2016-05-08', 62796, 3], ['2016-05-15', 39058, 10], ['2016-05-22', 14655, 17], ['2016-05-29', 5658, 24], ['2016-06-05', 2444, 31]]"
西游记之孙悟空三打白骨精,奇幻,中国,120102,37,"[['2016-02-08', 0, 0], ['2016-02-07', 196, 0], ['2016-02-14', 76836, 7], ['2016-02-21', 26407, 14], ['2016-02-28', 12399, 21], ['2016-03-06', 3489, 28], ['2016-03-13', 430, 35], ['2016-03-20', 115, 42], ['2016-03-27', 43, 49], ['2016-04-03', 119, 56]]"
湄公河行动,动作,中国/中国香港,118418,30,"[['2016-09-30', 0, 0], ['2016-10-02', 16562, 3], ['2016-10-09', 51062, 10], ['2016-10-16', 27649, 17], ['2016-10-23', 12707, 24], ['2016-10-30', 6143, 31], ['2016-11-06', 2781, 38], ['2016-11-13', 884, 45], ['2016-11-20', 330, 52], ['2016-11-27', 157, 59], ['2016-12-04', 87, 66]]"
澳门风云3,喜剧,中国/中国香港,111819,36,"[['2016-02-08', 0, 0], ['2016-02-07', 633, 0], ['2016-02-14', 78628, 7], ['2016-02-21', 21445, 14], ['2016-02-28', 8362, 21], ['2016-03-06', 2443, 28], ['2016-03-13', 231, 35], ['2016-03-20', 41, 42]]"
盗墓笔记,奇幻,中国,100441,35,"[['2016-08-05', 0, 0], ['2016-08-07', 47875, 3], ['2016-08-14', 36588, 10], ['2016-08-21', 10066, 17], ['2016-08-28', 3253, 24], ['2016-09-04', 1859, 31], ['2016-09-11', 422, 38], ['2016-09-18', 266, 45], ['2016-09-25', 52, 52]]"
功夫熊猫3,动画,中国/美国,100200,36,"[['2016-01-29', 0, 0], ['2016-01-24', 4273, -4], ['2016-01-31', 33978, 3], ['2016-02-07', 29827, 10], ['2016-02-14', 15578, 17], ['2016-02-21', 9084, 24], ['2016-02-28', 4808, 31], ['2016-03-06', 1072, 38], ['2016-03-13', 190, 45], ['2016-03-20', 511, 52], ['2016-03-27', 398, 59], ['2016-04-03', 159, 66], ['2016-04-10', 120, 73], ['2016-04-17', 66, 80]]"
长城,奇幻,中国/美国,117458,35,"[['2016-12-16', 0, 0], ['2016-12-18', 47221, 3], ['2016-12-25', 36233, 10], ['2016-01-01', 19535, 17], ['2017-01-08', 7480, 24], ['2017-01-15', 2795, 31], ['2017-01-22', 1605, 38], ['2017-01-29', 1131, 45], ['2017-02-05', 260, 52], ['2017-02-12', 124, 59], ['2017-02-19', 97, 66], ['2017-02-26', 93, 73]]"
奇幻森林,奇幻,美国,97935,34,"[['2016-04-15', 0, 0], ['2016-04-17', 31949, 3], ['2016-04-24', 32471, 10], ['2016-05-01', 21234, 17], ['2016-05-08', 10481, 24], ['2016-05-15', 1794, 31]]"
绝地逃亡,动作,中国,88940,35,"[['2016-07-21', 0, 0], ['2016-07-24', 41042, 4], ['2016-07-31', 32497, 11], ['2016-08-07', 11367, 18], ['2016-08-14', 3439, 25], ['2016-08-21', 427, 32], ['2016-08-28', 75, 39]]"
星球大战：原力觉醒,科幻,美国,82557,37,"[['2016-01-09', 0, 0], ['2016-01-10', 34798, 2], ['2016-01-17', 28669, 9], ['2016-01-24', 11851, 16], ['2016-01-31', 5125, 23], ['2016-02-07', 2088, 30]]"
从你的全世界路过,爱情,中国,81420,31,"[['2016-09-29', 0, 0], ['2016-09-25', 41, -3], ['2016-10-02', 31178, 4], ['2016-10-09', 34273, 11], ['2016-10-16', 10314, 18], ['2016-10-23', 3987, 25], ['2016-10-30', 1176, 32], ['2016-11-06', 294, 39], ['2016-11-13', 94, 46]]"
X战警：天启,动作,美国,80284,34,"[['2016-06-03', 0, 0], ['2016-06-05', 38587, 3], ['2016-06-12', 26098, 10], ['2016-06-19', 11043, 17], ['2016-06-26', 4128, 24], ['2016-07-03', 408, 31]]"
北京遇上西雅图之不二情书,爱情,中国/中国香港,78678,34,"[['2016-04-29', 0, 0], ['2016-05-01', 35550, 3], ['2016-05-08', 28276, 10], ['2016-05-15', 8467, 17], ['2016-05-22', 3722, 24], ['2016-05-29', 1459, 31], ['2016-06-05', 619, 38], ['2016-06-12', 282, 45], ['2016-06-19', 179, 52], ['2016-06-26', 92, 59]]"
叶问3,动作,中国/中国香港,77029,39,"[['2016-03-04', 0, 0], ['2016-03-06', 44277, 3], ['2016-03-13', 25972, 10], ['2016-03-20', 5485, 17], ['2016-03-27', 1094, 24], ['2016-04-03', 190, 31]]"
奇异博士,奇幻,美国,75167,35,"[['2016-11-04', 0, 0], ['2016-11-06', 30047, 3], ['2016-11-13', 27014, 10], ['2016-11-20', 13349, 17], ['2016-11-27', 4275, 24], ['2016-12-04', 478, 31]]"
唐人街探案,喜剧,中国,82355,32,"[['2015-12-31', 0, 0], ['2015-12-27', 2826, -3], ['2015-01-03', 39855, 4], ['2016-01-10', 20940, 11], ['2016-01-17', 9073, 18], ['2016-01-24', 5120, 25], ['2016-01-31', 3167, 32], ['2016-02-07', 1284, 39], ['2016-02-14', 21, 46]]"
寒战2,动作,中国香港,67820,37,"[['2016-07-08', 0, 0], ['2016-07-10', 29911, 3], ['2016-07-17', 27528, 10], ['2016-07-24', 7407, 17], ['2016-07-31', 2240, 24], ['2016-08-07', 605, 31], ['2016-08-14', 87, 38]]"
惊天魔盗团2,动作,美国,63891,33,"[['2016-06-24', 0, 0], ['2016-06-26', 28836, 3], ['2016-07-03', 25701, 10], ['2016-07-10', 7190, 17], ['2016-07-17', 1805, 24], ['2016-07-24', 346, 31]]"
蝙蝠侠大战超人：正义黎明,动作,美国,61908,36,"[['2016-03-25', 0, 0], ['2016-03-27', 37303, 3], ['2016-04-03', 18211, 10], ['2016-04-10', 5460, 17], ['2016-04-17', 834, 24], ['2016-04-24', 102, 31]]"
使徒行者,动作,中国/中国香港,60626,29,"[['2016-08-11', 0, 0], ['2016-08-14', 24080, 4], ['2016-08-21', 24136, 11], ['2016-08-28', 7915, 18], ['2016-09-04', 3338, 25], ['2016-09-11', 979, 32], ['2016-09-18', 105, 39]]"
神奇动物在哪里,奇幻,美国/英国,58921,35,"[['2016-11-25', 0, 0], ['2016-11-27', 28344, 3], ['2016-12-04', 21670, 10], ['2016-12-11', 6936, 17], ['2016-12-18', 1453, 24], ['2016-12-25', 376, 31], ['2016-01-01', 197, 38], ['2017-01-08', 87, 45]]"
你的名字。,动画,日本,56593,28,"[['2016-12-02', 0, 0], ['2016-12-04', 28715, 3], ['2016-12-11', 20620, 10], ['2016-12-18', 4991, 17], ['2016-12-25', 1657, 24], ['2016-01-01', 796, 31], ['2017-01-08', 303, 38], ['2017-01-15', 189, 45], ['2017-01-22', 167, 52], ['2017-01-29', 120, 59], ['2017-02-05', 25, 66]]"
战狼2,动作,中国,513749,36,"[['2017-07-27', 0, 0], ['2017-07-30', 99649, 4], ['2017-08-06', 217021, 11], ['2017-08-13', 140134, 18]]"
速度与激情8,动作,美国,266870,37,"[['2017-04-14', 0, 0], ['2017-04-16', 135202, 3], ['2017-04-23', 83407, 10], ['2017-04-30', 30506, 17], ['2017-05-07', 13511, 24], ['2017-05-14', 2423, 31], ['2017-05-21', 1206, 38], ['2017-05-28', 496, 45], ['2017-06-04', 188, 52], ['2017-06-11', 95, 59]]"
功夫瑜伽,喜剧,中国,175259,38,"[['2017-01-28', 0, 0], ['2017-01-29', 25710, 2], ['2017-02-05', 91514, 9], ['2017-02-12', 32755, 16], ['2017-02-19', 10544, 23], ['2017-02-26', 3304, 30], ['2017-03-05', 643, 37], ['2017-03-12', 202, 44], ['2017-03-19', 111, 51], ['2017-03-26', 48, 58]]"
西游伏妖篇,奇幻,中国/中国香港,165593,39,"[['2017-01-28', 0, 0], ['2017-01-29', 55978, 2], ['2017-02-05', 78483, 9], ['2017-02-12', 18296, 16], ['2017-02-19', 3007, 23], ['2017-02-26', 741, 30], ['2017-03-05', 81, 37]]"
变形金刚5：最后的骑士,动作,美国,154576,37,"[['2017-06-23', 0, 0], ['2017-06-25', 86831, 3], ['2017-07-02', 47649, 10], ['2017-07-09', 15200, 17], ['2017-07-16', 3910, 24], ['2017-07-23', 977, 31]]"
摔跤吧！爸爸,喜剧,印度,129663,30,"[['2017-05-05', 0, 0], ['2017-04-30', 32, -4], ['2017-05-07', 8678, 3], ['2017-05-14', 33654, 10], ['2017-05-21', 35925, 17], ['2017-05-28', 16102, 24], ['2017-06-04', 20954, 31], ['2017-06-11', 6682, 38], ['2017-06-18', 4196, 45], ['2017-06-25', 2039, 52], ['2017-07-02', 1194, 59], ['2017-07-09', 202, 66]]"
加勒比海盗5：死无对证,动作,美国,117824,36,"[['2017-05-26', 0, 0], ['2017-05-28', 46864, 3], ['2017-06-04', 51643, 10], ['2017-06-11', 11893, 17], ['2017-06-18', 5437, 24], ['2017-06-25', 1984, 31]]"
金刚：骷髅岛,动作,美国,114974,35,"[['2017-03-24', 0, 0], ['2017-03-26', 50289, 3], ['2017-04-02', 35154, 10], ['2017-04-09', 25881, 17], ['2017-04-16', 4155, 24], ['2017-04-23', 531, 31], ['2017-05-07', 21, 45]]"
极限特工：终极回归,动作,美国,112742,36,"[['2017-02-10', 0, 0], ['2017-02-12', 40735, 3], ['2017-02-19', 47688, 10], ['2017-02-26', 12371, 17], ['2017-03-05', 3232, 24], ['2017-03-12', 773, 31], ['2017-03-19', 335, 38], ['2017-03-26', 137, 45], ['2017-04-02', 37, 52]]"
生化危机：终章,科幻,美国,111181,35,"[['2017-02-24', 0, 0], ['2017-02-26', 60975, 3], ['2017-03-05', 28516, 10], ['2017-03-12', 9699, 17], ['2017-03-19', 4294, 24], ['2017-03-26', 1057, 31]]"
乘风破浪,剧情,中国,104851,36,"[['2017-01-28', 0, 0], ['2017-01-29', 12341, 2], ['2017-02-05', 47620, 9], ['2017-02-12', 24433, 16], ['2017-02-19', 9564, 23], ['2017-02-26', 3077, 30], ['2017-03-05', 719, 37], ['2017-03-12', 209, 44], ['2017-03-19', 112, 51], ['2017-03-26', 53, 58]]"
神偷奶爸3,动画,美国,103238,34,"[['2017-07-07', 0, 0], ['2017-07-02', 217, -4], ['2017-07-09', 44276, 3], ['2017-07-16', 33388, 10], ['2017-07-23', 14455, 17], ['2017-07-30', 6385, 24], ['2017-08-06', 2715, 31], ['2017-08-13', 1235, 38]]"
大闹天竺,喜剧,中国,75793,36,"[['2017-01-28', 0, 0], ['2017-01-29', 29856, 2], ['2017-02-05', 34489, 9], ['2017-02-12', 6815, 16], ['2017-02-19', 610, 23], ['2017-02-26', 178, 30], ['2017-03-05', 33, 37]]"
金刚狼3：殊死一战,动作,美国,73159,32,"[['2017-03-03', 0, 0], ['2017-03-05', 31837, 3], ['2017-03-12', 26186, 10], ['2017-03-19', 9415, 17], ['2017-03-26', 2681, 24], ['2017-04-02', 507, 31], ['2017-04-09', 106, 38]]"
悟空传,奇幻,中国,69489,36,"[['2017-07-13', 0, 0], ['2017-07-16', 40036, 4], ['2017-07-23', 23020, 11], ['2017-07-30', 5889, 18], ['2017-08-06', 455, 25], ['2017-08-13', 56, 32]]"
银河护卫队2,科幻,美国,68522,37,"[['2017-05-05', 0, 0], ['2017-05-07', 34257, 3], ['2017-05-14', 21565, 10], ['2017-05-21', 9664, 17], ['2017-05-28', 2634, 24], ['2017-06-04', 424, 31]]"
新木乃伊,动作,美国,62233,35,"[['2017-06-09', 0, 0], ['2017-06-11', 35759, 3], ['2017-06-18', 19963, 10], ['2017-06-25', 5190, 17], ['2017-07-02', 1084, 24], ['2017-07-09', 235, 31]]"
一条狗的使命,喜剧,美国,60793,30,"[['2017-03-03', 0, 0], ['2017-03-05', 10994, 3], ['2017-03-12', 25145, 10], ['2017-03-19', 15027, 17], ['2017-03-26', 6060, 24], ['2017-04-02', 1578, 31], ['2017-04-09', 770, 38], ['2017-04-16', 126, 45], ['2017-04-23', 23, 52]]"
神奇女侠,动作,美国,60773,36,"[['2017-06-02', 0, 0], ['2017-06-04', 26535, 3], ['2017-06-11', 21176, 10], ['2017-06-18', 9259, 17], ['2017-06-25', 3016, 24], ['2017-07-02', 603, 31], ['2017-07-09', 124, 38]]"
美女与野兽,奇幻,美国,59074,35,"[['2017-03-17', 0, 0], ['2017-03-19', 31078, 3], ['2017-03-26', 19585, 10], ['2017-04-02', 4870, 17], ['2017-04-09', 3224, 24], ['2017-04-16', 404, 31]]"
情圣,喜剧,中国,63854,32,"[['2016-12-30', 0, 0], ['2016-12-25', 432, -4], ['2016-01-01', 16846, 3], ['2017-01-08', 19396, 10], ['2017-01-15', 11747, 17], ['2017-01-22', 8798, 24], ['2017-01-29', 4794, 31], ['2017-02-05', 38, 38], ['2017-02-12', 15, 45]]"
三生三世十里桃花,爱情,中国,52945,35,"[['2017-08-03', 0, 0], ['2017-08-06', 42812, 4], ['2017-08-13', 9267, 11]]"
熊出没之奇幻空间,动画,中国,52248,34,"[['2017-01-28', 0, 0], ['2017-01-15', 1210, -12], ['2017-01-22', 818, -5], ['2017-01-29', 9502, 2], ['2017-02-05', 25106, 9], ['2017-02-12', 9183, 16], ['2017-02-19', 1650, 23], ['2017-02-26', 757, 30], ['2017-03-05', 220, 37], ['2017-03-12', 202, 44], ['2017-03-19', 146, 51], ['2017-03-26', 137, 58]]"
星球大战外传：侠盗一号,科幻,美国,47818,37,"[['2017-01-06', 0, 0], ['2017-01-08', 21327, 3], ['2017-01-15', 15259, 10], ['2017-01-22', 6012, 17], ['2017-01-29', 2594, 24], ['2017-02-05', 70, 31]]"
拆弹专家,动作,中国香港,39924,33,"[['2017-04-28', 0, 0], ['2017-04-30', 18161, 3], ['2017-05-07', 17529, 10]]"